##fileformat=VCFv4.1,,,,,,,,,
##medaka_version=1.1.3,,,,,,,,,
"##contig=<ID=tig00000001,length=5634>",,,,,,,,,
#CHROM,POS,ID,REF,ALT,QUAL,FILTER,INFO,FORMAT,SAMPLE
tig00000001,74,.,AACA,TTTG,.,.,,GT,1
tig00000001,82,.,AGCAC,TTTTT,.,.,,GT,1
tig00000001,87,.,A,AT,.,.,,GT,1
tig00000001,89,.,A,CC,.,.,,GT,1
tig00000001,92,.,G,TT,.,.,,GT,1
tig00000001,93,.,A,AT,.,.,,GT,1
tig00000001,95,.,G,T,.,.,,GT,1
tig00000001,144,.,A,AG,.,.,,GT,1
tig00000001,151,.,C,G,.,.,,GT,1
tig00000001,152,.,T,TA,.,.,,GT,1
tig00000001,164,.,CGG,A,.,.,,GT,1
tig00000001,167,.,CG,C,.,.,,GT,1
tig00000001,169,.,TGG,T,.,.,,GT,1
tig00000001,181,.,CTTT,C,.,.,,GT,1
tig00000001,185,.,GAG,G,.,.,,GT,1
tig00000001,238,.,C,CA,.,.,,GT,1
tig00000001,240,.,CC,C,.,.,,GT,1
tig00000001,243,.,C,G,.,.,,GT,1
tig00000001,245,.,C,G,.,.,,GT,1
tig00000001,253,.,CA,C,.,.,,GT,1
tig00000001,256,.,G,A,.,.,,GT,1
tig00000001,261,.,G,GG,.,.,,GT,1
tig00000001,282,.,C,CC,.,.,,GT,1
tig00000001,293,.,CC,AA,.,.,,GT,1
tig00000001,296,.,GC,G,.,.,,GT,1
tig00000001,299,.,GC,AT,.,.,,GT,1
tig00000001,464,.,G,GG,.,.,,GT,1
tig00000001,493,.,CTCAC,C,.,.,,GT,1
tig00000001,502,.,TC,T,.,.,,GT,1
tig00000001,505,.,CC,C,.,.,,GT,1
tig00000001,507,.,TT,T,.,.,,GT,1
tig00000001,509,.,CCTC,C,.,.,,GT,1
tig00000001,541,.,GG,TCCTC,.,.,,GT,1
tig00000001,544,.,GGGGG,CCCCC,.,.,,GT,1
tig00000001,583,.,TG,CCCA,.,.,,GT,1
tig00000001,677,.,C,T,.,.,,GT,1
tig00000001,693,.,G,T,.,.,,GT,1
tig00000001,1021,.,G,GG,.,.,,GT,1
tig00000001,1032,.,C,CA,.,.,,GT,1
tig00000001,1497,.,CT,C,.,.,,GT,1
tig00000001,2498,.,TT,T,.,.,,GT,1
tig00000001,2516,.,G,GG,.,.,,GT,1
tig00000001,2997,.,GAA,G,.,.,,GT,1
tig00000001,3000,.,GG,G,.,.,,GT,1
tig00000001,3502,.,TTT,T,.,.,,GT,1
tig00000001,4079,.,G,GG,.,.,,GT,1
tig00000001,4897,.,G,GG,.,.,,GT,1
tig00000001,5503,.,GG,G,.,.,,GT,1